id,City,NickName,Province,Sex,Signature
0,贵阳,墨痕,贵州,1,
1,贵阳,Qr8@N9,贵州,1,想简单点
2,绵阳,李文彬－GZ,四川,1,无论发生什么都是最好的安排
3,,血狱天穹,,1,灭
4,贵阳,飘雪,贵州,2,
5,贵阳,❇ 闪闪🍓 💧,贵州,2,积极投入生活!
6,嘉兴,隨心所欲,浙江,1,
7,贵阳,似水香凝,贵州,2,相信，却换来欺骗，欺骗将代表消失
8,遵义,韩锐,贵州,1,
9,,SWZ,,0,
10,,biubiu~,,1,
11,金华,旧城,浙江,1, 旧城回眸 而你已不在 无可奈何
12,贵阳,时习之教育,贵州,1,用心做培训，用爱做教育。。。。。。。。
13,乐山,物理变化。,四川,1,。
14,,彭兰,,0,
15,毕节,破碎的💔,贵州,2,
16,,马MA,贵州,1,lllllll
17,贵阳,惜,贵州,2,
18,,锁神狱,,1,吾本浮萍，四海为家，逐波而居，随流而走！
19,贵阳,zhuguo庆庆,贵州,1,踏哀伤前行，托温暖于世！
20,曲靖,violet hanbin,云南,2,
21,贵阳,愤怒的小鸟,贵州,2,这什么鬼天气，一哈冷一哈热的
22,,张衡,,1,
